timeStamp,elapsed,label,responseCode,responseMessage,threadName,dataType,success,failureMessage,bytes,sentBytes,grpThreads,allThreads,Latency,IdleTime,Connect
1509645414686,532,conf #2,200,OK,Conf2 2-1,text,true,,366,0,2,6,532,0,0
1509645415160,441,conf #2,200,OK,Conf2 2-2,text,true,,366,0,2,7,441,0,0
1509645415626,398,conf #2,200,OK,Conf2 2-3,text,true,,366,0,3,9,398,0,0
1509645416078,404,conf #2,200,OK,Conf2 2-4,text,true,,366,0,4,12,404,0,0
1509645416185,408,conf #2,200,OK,Conf2 2-1,text,true,,366,0,5,15,408,0,0
1509645416534,408,conf #2,200,OK,Conf2 2-5,text,true,,366,0,5,15,408,0,0
1509645416659,422,conf #2,200,OK,Conf2 2-2,text,true,,366,0,6,18,422,0,0
1509645416988,405,conf #2,200,OK,Conf2 2-6,text,true,,366,0,6,19,405,0,0
1509645417125,400,conf #2,200,OK,Conf2 2-3,text,true,,366,0,7,21,400,0,0
1509645417444,418,conf #2,200,OK,Conf2 2-7,text,true,,366,0,7,22,418,0,0
1509645417578,413,conf #2,200,OK,Conf2 2-4,text,true,,366,0,8,24,413,0,0
1509645417685,516,conf #2,200,OK,Conf2 2-1,text,true,,366,0,8,24,516,0,0
1509645417898,424,conf #2,200,OK,Conf2 2-8,text,true,,366,0,8,25,424,0,0
1509645418035,428,conf #2,200,OK,Conf2 2-5,text,true,,366,0,9,27,428,0,0
1509645418159,434,conf #2,200,OK,Conf2 2-2,text,true,,366,0,9,27,433,0,0
1509645418354,423,conf #2,200,OK,Conf2 2-9,text,true,,366,0,9,28,423,0,0
1509645418487,452,conf #2,200,OK,Conf2 2-6,text,true,,366,0,10,30,452,0,0
1509645418625,438,conf #2,200,OK,Conf2 2-3,text,true,,366,0,10,30,438,0,0
1509645418814,439,conf #2,200,OK,Conf2 2-10,text,true,,366,0,10,31,439,0,0
1509645418944,436,conf #2,200,OK,Conf2 2-7,text,true,,366,0,11,33,436,0,0
1509645419077,452,conf #2,200,OK,Conf2 2-4,text,true,,366,0,11,33,451,0,0
1509645419185,451,conf #2,200,OK,Conf2 2-1,text,true,,366,0,11,33,451,0,0
1509645419270,544,conf #2,200,OK,Conf2 2-11,text,true,,366,0,11,33,544,0,0
1509645419399,461,conf #2,200,OK,Conf2 2-8,text,true,,366,0,11,33,461,0,0
1509645419535,452,conf #2,200,OK,Conf2 2-5,text,true,,366,0,11,33,452,0,0
1509645419659,452,conf #2,200,OK,Conf2 2-2,text,true,,366,0,11,33,452,0,0
1509645419855,460,conf #2,200,OK,Conf2 2-9,text,true,,366,0,11,33,460,0,0
1509645419987,473,conf #2,200,OK,Conf2 2-6,text,true,,366,0,11,33,473,0,0
1509645420125,481,conf #2,200,OK,Conf2 2-3,text,true,,366,0,11,33,481,0,0
1509645420313,478,conf #2,200,OK,Conf2 2-10,text,true,,366,0,11,33,478,0,0
1509645420444,475,conf #2,200,OK,Conf2 2-7,text,true,,366,0,11,33,475,0,0
1509645420577,480,conf #2,200,OK,Conf2 2-4,text,true,,366,0,11,33,480,0,0
1509645420683,493,conf #2,200,OK,Conf2 2-1,text,true,,366,0,11,33,493,0,0
1509645420770,489,conf #2,200,OK,Conf2 2-11,text,true,,366,0,11,33,489,0,0
1509645420898,497,conf #2,200,OK,Conf2 2-8,text,true,,366,0,11,33,497,0,0
1509645421034,501,conf #2,200,OK,Conf2 2-5,text,true,,366,0,11,33,501,0,0
1509645421159,504,conf #2,200,OK,Conf2 2-2,text,true,,366,0,11,33,504,0,0
1509645421354,501,conf #2,200,OK,Conf2 2-9,text,true,,366,0,11,33,501,0,0
1509645421488,514,conf #2,200,OK,Conf2 2-6,text,true,,366,0,11,33,514,0,0
1509645421625,514,conf #2,200,OK,Conf2 2-3,text,true,,366,0,11,33,514,0,0
1509645421813,515,conf #2,200,OK,Conf2 2-10,text,true,,366,0,11,33,515,0,0
1509645421944,542,conf #2,200,OK,Conf2 2-7,text,true,,366,0,11,33,542,0,0
1509645422077,535,conf #2,200,OK,Conf2 2-4,text,true,,366,0,11,33,534,0,0
1509645422184,530,conf #2,200,OK,Conf2 2-1,text,true,,366,0,11,33,530,0,0
1509645422270,529,conf #2,200,OK,Conf2 2-11,text,true,,366,0,11,33,529,0,0
1509645422398,532,conf #2,200,OK,Conf2 2-8,text,true,,366,0,11,33,532,0,0
1509645422534,545,conf #2,200,OK,Conf2 2-5,text,true,,366,0,11,33,544,0,0
1509645422659,641,conf #2,200,OK,Conf2 2-2,text,true,,366,0,11,33,641,0,0
1509645422854,566,conf #2,200,OK,Conf2 2-9,text,true,,366,0,11,33,566,0,0
1509645422987,566,conf #2,200,OK,Conf2 2-6,text,true,,366,0,11,33,566,0,0
1509645423126,575,conf #2,200,OK,Conf2 2-3,text,true,,366,0,11,33,575,0,0
1509645423313,579,conf #2,200,OK,Conf2 2-10,text,true,,366,0,11,33,579,0,0
1509645423444,579,conf #2,200,OK,Conf2 2-7,text,true,,366,0,11,33,579,0,0
1509645423577,585,conf #2,200,OK,Conf2 2-4,text,true,,366,0,11,33,585,0,0
1509645423685,590,conf #2,200,OK,Conf2 2-1,text,true,,366,0,11,33,590,0,0
1509645423770,693,conf #2,200,OK,Conf2 2-11,text,true,,366,0,11,33,693,0,0
1509645423898,602,conf #2,200,OK,Conf2 2-8,text,true,,366,0,11,33,602,0,0
1509645424034,613,conf #2,200,OK,Conf2 2-5,text,true,,366,0,11,33,613,0,0
1509645424159,626,conf #2,200,OK,Conf2 2-2,text,true,,366,0,11,33,626,0,0
1509645424354,631,conf #2,200,OK,Conf2 2-9,text,true,,366,0,11,33,631,0,0
1509645424487,638,conf #2,200,OK,Conf2 2-6,text,true,,366,0,11,33,638,0,0
1509645424625,637,conf #2,200,OK,Conf2 2-3,text,true,,366,0,11,33,637,0,0
1509645424814,643,conf #2,200,OK,Conf2 2-10,text,true,,366,0,11,33,643,0,0
1509645424944,655,conf #2,200,OK,Conf2 2-7,text,true,,366,0,11,33,655,0,0
1509645425077,660,conf #2,200,OK,Conf2 2-4,text,true,,366,0,11,33,660,0,0
1509645425184,667,conf #2,200,OK,Conf2 2-1,text,true,,366,0,11,33,667,0,0
1509645425270,672,conf #2,200,OK,Conf2 2-11,text,true,,366,0,11,33,672,0,0
1509645425398,676,conf #2,200,OK,Conf2 2-8,text,true,,366,0,11,33,676,0,0
1509645425534,682,conf #2,200,OK,Conf2 2-5,text,true,,366,0,11,33,682,0,0
1509645425659,720,conf #2,200,OK,Conf2 2-2,text,true,,366,0,11,33,720,0,0
1509645425855,691,conf #2,200,OK,Conf2 2-9,text,true,,366,0,11,33,691,0,0
1509645425987,729,conf #2,200,OK,Conf2 2-6,text,true,,366,0,11,33,729,0,0
1509645426126,712,conf #2,200,OK,Conf2 2-3,text,true,,366,0,11,33,712,0,0
1509645426314,689,conf #2,200,OK,Conf2 2-10,text,true,,366,0,11,33,689,0,0
1509645426444,705,conf #2,200,OK,Conf2 2-7,text,true,,366,0,11,33,705,0,0
1509645426577,714,conf #2,200,OK,Conf2 2-4,text,true,,366,0,11,33,714,0,0
1509645426684,718,conf #2,200,OK,Conf2 2-1,text,true,,366,0,11,33,718,0,0
1509645426770,713,conf #2,200,OK,Conf2 2-11,text,true,,366,0,11,33,713,0,0
1509645426898,724,conf #2,200,OK,Conf2 2-8,text,true,,366,0,11,33,724,0,0
1509645427035,746,conf #2,200,OK,Conf2 2-5,text,true,,366,0,11,33,746,0,0
1509645427159,714,conf #2,200,OK,Conf2 2-2,text,true,,366,0,11,33,714,0,0
1509645427355,746,conf #2,200,OK,Conf2 2-9,text,true,,366,0,11,33,746,0,0
1509645427489,896,conf #2,200,OK,Conf2 2-6,text,false,"The operation lasted too long: It took 896 milliseconds, but should not have lasted longer than 830 milliseconds.",366,0,11,33,896,0,0
1509645427626,761,conf #2,200,OK,Conf2 2-3,text,true,,366,0,11,33,761,0,0
1509645427813,723,conf #2,200,OK,Conf2 2-10,text,true,,366,0,11,33,723,0,0
1509645427946,724,conf #2,200,OK,Conf2 2-7,text,true,,366,0,11,33,724,0,0
1509645428077,736,conf #2,200,OK,Conf2 2-4,text,true,,366,0,11,33,736,0,0
1509645428184,732,conf #2,200,OK,Conf2 2-1,text,true,,366,0,11,33,732,0,0
1509645428270,844,conf #2,200,OK,Conf2 2-11,text,false,"The operation lasted too long: It took 844 milliseconds, but should not have lasted longer than 830 milliseconds.",366,0,11,33,844,0,0
1509645428398,732,conf #2,200,OK,Conf2 2-8,text,true,,366,0,11,33,732,0,0
1509645428534,741,conf #2,200,OK,Conf2 2-5,text,true,,366,0,11,33,741,0,0
1509645428660,742,conf #2,200,OK,Conf2 2-2,text,true,,366,0,11,33,742,0,0
1509645428854,763,conf #2,200,OK,Conf2 2-9,text,true,,366,0,11,33,763,0,0
1509645428987,739,conf #2,200,OK,Conf2 2-6,text,true,,366,0,11,33,739,0,0
1509645429126,746,conf #2,200,OK,Conf2 2-3,text,true,,366,0,11,33,746,0,0
1509645429314,750,conf #2,200,OK,Conf2 2-10,text,true,,366,0,11,33,750,0,0
1509645429445,732,conf #2,200,OK,Conf2 2-7,text,true,,366,0,11,33,732,0,0
1509645429578,730,conf #2,200,OK,Conf2 2-4,text,true,,366,0,11,33,730,0,0
1509645429684,740,conf #2,200,OK,Conf2 2-1,text,true,,366,0,11,33,740,0,0
1509645429770,741,conf #2,200,OK,Conf2 2-11,text,true,,366,0,11,33,741,0,0
1509645429898,739,conf #2,200,OK,Conf2 2-8,text,true,,366,0,11,33,739,0,0
1509645430034,747,conf #2,200,OK,Conf2 2-5,text,true,,366,0,11,33,747,0,0
1509645430159,743,conf #2,200,OK,Conf2 2-2,text,true,,366,0,11,33,743,0,0
1509645430354,735,conf #2,200,OK,Conf2 2-9,text,true,,366,0,11,33,735,0,0
1509645430487,744,conf #2,200,OK,Conf2 2-6,text,true,,366,0,11,33,744,0,0
1509645430626,738,conf #2,200,OK,Conf2 2-3,text,true,,366,0,11,33,738,0,0
1509645430814,742,conf #2,200,OK,Conf2 2-10,text,true,,366,0,11,33,742,0,0
1509645430944,738,conf #2,200,OK,Conf2 2-7,text,true,,366,0,11,33,738,0,0
1509645431076,751,conf #2,200,OK,Conf2 2-4,text,true,,366,0,11,33,751,0,0
1509645431184,734,conf #2,200,OK,Conf2 2-1,text,true,,366,0,11,33,734,0,0
1509645431270,741,conf #2,200,OK,Conf2 2-11,text,true,,366,0,11,33,741,0,0
1509645431398,757,conf #2,200,OK,Conf2 2-8,text,true,,366,0,11,33,757,0,0
1509645431534,743,conf #2,200,OK,Conf2 2-5,text,true,,366,0,11,33,743,0,0
1509645431660,744,conf #2,200,OK,Conf2 2-2,text,true,,366,0,11,33,744,0,0
1509645431854,732,conf #2,200,OK,Conf2 2-9,text,true,,366,0,11,33,732,0,0
1509645431987,738,conf #2,200,OK,Conf2 2-6,text,true,,366,0,11,33,738,0,0
1509645432125,743,conf #2,200,OK,Conf2 2-3,text,true,,366,0,11,33,743,0,0
1509645432313,747,conf #2,200,OK,Conf2 2-10,text,true,,366,0,11,33,747,0,0
1509645432444,733,conf #2,200,OK,Conf2 2-7,text,true,,366,0,11,33,732,0,0
1509645432577,733,conf #2,200,OK,Conf2 2-4,text,true,,366,0,11,33,733,0,0
1509645432684,741,conf #2,200,OK,Conf2 2-1,text,true,,366,0,11,33,741,0,0
1509645432770,746,conf #2,200,OK,Conf2 2-11,text,true,,366,0,11,33,746,0,0
1509645432898,832,conf #2,200,OK,Conf2 2-8,text,false,"The operation lasted too long: It took 832 milliseconds, but should not have lasted longer than 830 milliseconds.",366,0,11,33,832,0,0
1509645433034,779,conf #2,200,OK,Conf2 2-5,text,true,,366,0,11,33,779,0,0
1509645433160,738,conf #2,200,OK,Conf2 2-2,text,true,,366,0,11,33,738,0,0
1509645433353,791,conf #2,200,OK,Conf2 2-9,text,true,,366,0,11,33,791,0,0
1509645433487,745,conf #2,200,OK,Conf2 2-6,text,true,,366,0,11,33,745,0,0
1509645433625,750,conf #2,200,OK,Conf2 2-3,text,true,,366,0,11,33,750,0,0
1509645433813,742,conf #2,200,OK,Conf2 2-10,text,true,,366,0,11,33,742,0,0
1509645433943,737,conf #2,200,OK,Conf2 2-7,text,true,,366,0,11,33,737,0,0
1509645434077,737,conf #2,200,OK,Conf2 2-4,text,true,,366,0,11,33,737,0,0
1509645434184,731,conf #2,200,OK,Conf2 2-1,text,true,,366,0,11,33,730,0,0
1509645434270,752,conf #2,200,OK,Conf2 2-11,text,true,,366,0,11,33,752,0,0
1509645434397,743,conf #2,200,OK,Conf2 2-8,text,true,,366,0,11,33,743,0,0
1509645434534,745,conf #2,200,OK,Conf2 2-5,text,true,,366,0,11,33,745,0,0
1509645434659,740,conf #2,200,OK,Conf2 2-2,text,true,,366,0,11,33,740,0,0
1509645434854,738,conf #2,200,OK,Conf2 2-9,text,true,,366,0,11,33,738,0,0
1509645434987,738,conf #2,200,OK,Conf2 2-6,text,true,,366,0,11,33,738,0,0
1509645435125,734,conf #2,200,OK,Conf2 2-3,text,true,,366,0,11,33,734,0,0
1509645435314,735,conf #2,200,OK,Conf2 2-10,text,true,,366,0,11,33,735,0,0
1509645435444,738,conf #2,200,OK,Conf2 2-7,text,true,,366,0,11,33,738,0,0
1509645435578,772,conf #2,200,OK,Conf2 2-4,text,true,,366,0,11,33,772,0,0
1509645435684,804,conf #2,200,OK,Conf2 2-1,text,true,,366,0,11,33,804,0,0
1509645435770,743,conf #2,200,OK,Conf2 2-11,text,true,,366,0,11,33,743,0,0
1509645435899,828,conf #2,200,OK,Conf2 2-8,text,true,,366,0,11,33,828,0,0
1509645436035,744,conf #2,200,OK,Conf2 2-5,text,true,,366,0,11,33,744,0,0
1509645436159,754,conf #2,200,OK,Conf2 2-2,text,true,,366,0,11,33,754,0,0
1509645436354,736,conf #2,200,OK,Conf2 2-9,text,true,,366,0,11,33,736,0,0
1509645436488,735,conf #2,200,OK,Conf2 2-6,text,true,,366,0,11,33,735,0,0
1509645436626,750,conf #2,200,OK,Conf2 2-3,text,true,,366,0,11,33,750,0,0
1509645436813,736,conf #2,200,OK,Conf2 2-10,text,true,,366,0,11,33,736,0,0
1509645436945,725,conf #2,200,OK,Conf2 2-7,text,true,,366,0,11,33,725,0,0
1509645437077,738,conf #2,200,OK,Conf2 2-4,text,true,,366,0,11,33,738,0,0
1509645437184,726,conf #2,200,OK,Conf2 2-1,text,true,,366,0,11,33,726,0,0
1509645437270,731,conf #2,200,OK,Conf2 2-11,text,true,,366,0,11,33,731,0,0
1509645437398,733,conf #2,200,OK,Conf2 2-8,text,true,,366,0,11,33,733,0,0
1509645437534,746,conf #2,200,OK,Conf2 2-5,text,true,,366,0,11,33,746,0,0
1509645437659,749,conf #2,200,OK,Conf2 2-2,text,true,,366,0,11,33,749,0,0
1509645437854,764,conf #2,200,OK,Conf2 2-9,text,true,,366,0,11,33,764,0,0
1509645437988,734,conf #2,200,OK,Conf2 2-6,text,true,,366,0,11,33,734,0,0
1509645438125,742,conf #2,200,OK,Conf2 2-3,text,true,,366,0,11,33,742,0,0
1509645438313,758,conf #2,200,OK,Conf2 2-10,text,true,,366,0,11,33,757,0,0
1509645438444,732,conf #2,200,OK,Conf2 2-7,text,true,,366,0,11,33,732,0,0
1509645438577,741,conf #2,200,OK,Conf2 2-4,text,true,,366,0,11,33,741,0,0
1509645438684,745,conf #2,200,OK,Conf2 2-1,text,true,,366,0,11,33,745,0,0
1509645438770,742,conf #2,200,OK,Conf2 2-11,text,true,,366,0,11,33,742,0,0
1509645438898,742,conf #2,200,OK,Conf2 2-8,text,true,,366,0,11,33,742,0,0
1509645439034,746,conf #2,200,OK,Conf2 2-5,text,true,,366,0,11,33,746,0,0
1509645439159,746,conf #2,200,OK,Conf2 2-2,text,true,,366,0,11,33,746,0,0
1509645439354,732,conf #2,200,OK,Conf2 2-9,text,true,,366,0,11,33,732,0,0
1509645439488,739,conf #2,200,OK,Conf2 2-6,text,true,,366,0,11,33,739,0,0
1509645439625,772,conf #2,200,OK,Conf2 2-3,text,true,,366,0,11,33,772,0,0
1509645439813,737,conf #2,200,OK,Conf2 2-10,text,true,,366,0,11,33,737,0,0
1509645439944,735,conf #2,200,OK,Conf2 2-7,text,true,,366,0,11,33,735,0,0
1509645440078,756,conf #2,200,OK,Conf2 2-4,text,true,,366,0,11,33,756,0,0
1509645440184,736,conf #2,200,OK,Conf2 2-1,text,true,,366,0,11,33,736,0,0
1509645440270,747,conf #2,200,OK,Conf2 2-11,text,true,,366,0,11,33,747,0,0
1509645440398,738,conf #2,200,OK,Conf2 2-8,text,true,,366,0,11,33,738,0,0
1509645440534,736,conf #2,200,OK,Conf2 2-5,text,true,,366,0,11,33,736,0,0
1509645440660,751,conf #2,200,OK,Conf2 2-2,text,true,,366,0,11,33,751,0,0
1509645440855,756,conf #2,200,OK,Conf2 2-9,text,true,,366,0,11,33,756,0,0
1509645440987,743,conf #2,200,OK,Conf2 2-6,text,true,,366,0,11,33,743,0,0
1509645441125,740,conf #2,200,OK,Conf2 2-3,text,true,,366,0,11,33,740,0,0
1509645441313,724,conf #2,200,OK,Conf2 2-10,text,true,,366,0,11,33,724,0,0
1509645441444,727,conf #2,200,OK,Conf2 2-7,text,true,,366,0,11,33,726,0,0
1509645441577,759,conf #2,200,OK,Conf2 2-4,text,true,,366,0,11,33,759,0,0
1509645441684,740,conf #2,200,OK,Conf2 2-1,text,true,,366,0,11,33,740,0,0
1509645441771,737,conf #2,200,OK,Conf2 2-11,text,true,,366,0,11,33,737,0,0
1509645441899,731,conf #2,200,OK,Conf2 2-8,text,true,,366,0,11,33,731,0,0
1509645442034,733,conf #2,200,OK,Conf2 2-5,text,true,,366,0,11,33,733,0,0
1509645442159,741,conf #2,200,OK,Conf2 2-2,text,true,,366,0,11,33,741,0,0
1509645442354,745,conf #2,200,OK,Conf2 2-9,text,true,,366,0,11,33,745,0,0
1509645442487,741,conf #2,200,OK,Conf2 2-6,text,true,,366,0,11,33,741,0,0
1509645442625,735,conf #2,200,OK,Conf2 2-3,text,true,,366,0,11,33,735,0,0
1509645442813,733,conf #2,200,OK,Conf2 2-10,text,true,,366,0,11,33,733,0,0
1509645442944,740,conf #2,200,OK,Conf2 2-7,text,true,,366,0,11,33,740,0,0
1509645443077,742,conf #2,200,OK,Conf2 2-4,text,true,,366,0,11,33,742,0,0
1509645443184,735,conf #2,200,OK,Conf2 2-1,text,true,,366,0,11,33,735,0,0
1509645443270,736,conf #2,200,OK,Conf2 2-11,text,true,,366,0,11,33,736,0,0
1509645443398,742,conf #2,200,OK,Conf2 2-8,text,true,,366,0,11,33,742,0,0
1509645443535,743,conf #2,200,OK,Conf2 2-5,text,true,,366,0,11,33,743,0,0
1509645443659,762,conf #2,200,OK,Conf2 2-2,text,true,,366,0,11,33,762,0,0
1509645443854,732,conf #2,200,OK,Conf2 2-9,text,true,,366,0,11,33,732,0,0
1509645443987,765,conf #2,200,OK,Conf2 2-6,text,true,,366,0,11,33,765,0,0
1509645444125,731,conf #2,200,OK,Conf2 2-3,text,true,,366,0,11,33,731,0,0
1509645444313,730,conf #2,200,OK,Conf2 2-10,text,true,,366,0,11,33,730,0,0
1509645444444,733,conf #2,200,OK,Conf2 2-7,text,true,,366,0,11,33,733,0,0
1509645444578,728,conf #2,200,OK,Conf2 2-4,text,true,,366,0,11,33,728,0,0
1509645444685,733,conf #2,200,OK,Conf2 2-1,text,true,,366,0,11,33,733,0,0
1509645444771,735,conf #2,200,OK,Conf2 2-11,text,true,,366,0,11,33,735,0,0
1509645444898,810,conf #2,200,OK,Conf2 2-8,text,true,,366,0,11,33,810,0,0
1509645445034,752,conf #2,200,OK,Conf2 2-5,text,true,,366,0,11,33,752,0,0
1509645445159,751,conf #2,200,OK,Conf2 2-2,text,true,,366,0,11,33,751,0,0
1509645445354,742,conf #2,200,OK,Conf2 2-9,text,true,,366,0,11,33,742,0,0
1509645445487,744,conf #2,200,OK,Conf2 2-6,text,true,,366,0,11,33,744,0,0
1509645445625,777,conf #2,200,OK,Conf2 2-3,text,true,,366,0,11,33,777,0,0
1509645445814,752,conf #2,200,OK,Conf2 2-10,text,true,,366,0,11,33,752,0,0
1509645445944,740,conf #2,200,OK,Conf2 2-7,text,true,,366,0,11,33,740,0,0
1509645446077,756,conf #2,200,OK,Conf2 2-4,text,true,,366,0,11,33,756,0,0
1509645446184,965,conf #2,200,OK,Conf2 2-1,text,false,"The operation lasted too long: It took 965 milliseconds, but should not have lasted longer than 830 milliseconds.",366,0,11,33,965,0,0
1509645446270,880,conf #2,200,OK,Conf2 2-11,text,false,"The operation lasted too long: It took 880 milliseconds, but should not have lasted longer than 830 milliseconds.",366,0,11,33,880,0,0
1509645446398,753,conf #2,200,OK,Conf2 2-8,text,true,,366,0,11,33,753,0,0
1509645446535,743,conf #2,200,OK,Conf2 2-5,text,true,,366,0,11,33,743,0,0
1509645446659,740,conf #2,200,OK,Conf2 2-2,text,true,,366,0,11,33,740,0,0
1509645446855,753,conf #2,200,OK,Conf2 2-9,text,true,,366,0,11,33,753,0,0
1509645446988,745,conf #2,200,OK,Conf2 2-6,text,true,,366,0,11,33,745,0,0
1509645447126,831,conf #2,200,OK,Conf2 2-3,text,false,"The operation lasted too long: It took 831 milliseconds, but should not have lasted longer than 830 milliseconds.",366,0,11,33,831,0,0
1509645447313,724,conf #2,200,OK,Conf2 2-10,text,true,,366,0,11,33,724,0,0
1509645447444,726,conf #2,200,OK,Conf2 2-7,text,true,,366,0,11,33,726,0,0
1509645447577,738,conf #2,200,OK,Conf2 2-4,text,true,,366,0,11,33,738,0,0
1509645447684,760,conf #2,200,OK,Conf2 2-1,text,true,,366,0,11,33,760,0,0
1509645447770,739,conf #2,200,OK,Conf2 2-11,text,true,,366,0,11,33,739,0,0
1509645447899,733,conf #2,200,OK,Conf2 2-8,text,true,,366,0,11,33,733,0,0
1509645448035,742,conf #2,200,OK,Conf2 2-5,text,true,,366,0,11,33,742,0,0
1509645448160,746,conf #2,200,OK,Conf2 2-2,text,true,,366,0,11,33,746,0,0
1509645448354,744,conf #2,200,OK,Conf2 2-9,text,true,,366,0,11,33,744,0,0
1509645448488,742,conf #2,200,OK,Conf2 2-6,text,true,,366,0,11,33,742,0,0
1509645448625,737,conf #2,200,OK,Conf2 2-3,text,true,,366,0,11,33,737,0,0
1509645448813,727,conf #2,200,OK,Conf2 2-10,text,true,,366,0,11,33,727,0,0
1509645448944,733,conf #2,200,OK,Conf2 2-7,text,true,,366,0,11,33,733,0,0
1509645449077,736,conf #2,200,OK,Conf2 2-4,text,true,,366,0,11,33,736,0,0
1509645449184,737,conf #2,200,OK,Conf2 2-1,text,true,,366,0,11,33,737,0,0
1509645449270,739,conf #2,200,OK,Conf2 2-11,text,true,,366,0,11,33,739,0,0
1509645449398,737,conf #2,200,OK,Conf2 2-8,text,true,,366,0,11,33,737,0,0
1509645449535,770,conf #2,200,OK,Conf2 2-5,text,true,,366,0,11,33,770,0,0
1509645449660,742,conf #2,200,OK,Conf2 2-2,text,true,,366,0,11,33,742,0,0
1509645449854,745,conf #2,200,OK,Conf2 2-9,text,true,,366,0,11,33,745,0,0
1509645449987,750,conf #2,200,OK,Conf2 2-6,text,true,,366,0,11,33,750,0,0
1509645450124,745,conf #2,200,OK,Conf2 2-3,text,true,,366,0,11,33,745,0,0
1509645450314,729,conf #2,200,OK,Conf2 2-10,text,true,,366,0,11,33,729,0,0
1509645450444,734,conf #2,200,OK,Conf2 2-7,text,true,,366,0,11,33,734,0,0
1509645450577,740,conf #2,200,OK,Conf2 2-4,text,true,,366,0,11,33,740,0,0
1509645450683,730,conf #2,200,OK,Conf2 2-1,text,true,,366,0,11,33,730,0,0
1509645450770,735,conf #2,200,OK,Conf2 2-11,text,true,,366,0,11,33,735,0,0
1509645450898,737,conf #2,200,OK,Conf2 2-8,text,true,,366,0,11,33,737,0,0
1509645451034,753,conf #2,200,OK,Conf2 2-5,text,true,,366,0,11,33,753,0,0
1509645451160,743,conf #2,200,OK,Conf2 2-2,text,true,,366,0,11,33,743,0,0
1509645451355,754,conf #2,200,OK,Conf2 2-9,text,true,,366,0,11,33,754,0,0
1509645451488,740,conf #2,200,OK,Conf2 2-6,text,true,,366,0,11,33,740,0,0
1509645451626,745,conf #2,200,OK,Conf2 2-3,text,true,,366,0,11,33,745,0,0
1509645451814,728,conf #2,200,OK,Conf2 2-10,text,true,,366,0,11,33,728,0,0
1509645451945,726,conf #2,200,OK,Conf2 2-7,text,true,,366,0,11,33,726,0,0
1509645452078,733,conf #2,200,OK,Conf2 2-4,text,true,,366,0,11,33,733,0,0
1509645452185,733,conf #2,200,OK,Conf2 2-1,text,true,,366,0,11,33,733,0,0
1509645452271,742,conf #2,200,OK,Conf2 2-11,text,true,,366,0,11,33,742,0,0
1509645452399,743,conf #2,200,OK,Conf2 2-8,text,true,,366,0,11,33,743,0,0
1509645452535,741,conf #2,200,OK,Conf2 2-5,text,true,,366,0,11,33,741,0,0
1509645452660,745,conf #2,200,OK,Conf2 2-2,text,true,,366,0,11,33,745,0,0
1509645452855,740,conf #2,200,OK,Conf2 2-9,text,true,,366,0,11,33,740,0,0
1509645452988,750,conf #2,200,OK,Conf2 2-6,text,true,,366,0,11,33,750,0,0
1509645453126,747,conf #2,200,OK,Conf2 2-3,text,true,,366,0,11,33,747,0,0
1509645453314,719,conf #2,200,OK,Conf2 2-10,text,true,,366,0,11,33,719,0,0
1509645453445,727,conf #2,200,OK,Conf2 2-7,text,true,,366,0,11,33,727,0,0
1509645453579,732,conf #2,200,OK,Conf2 2-4,text,true,,366,0,11,33,732,0,0
1509645453686,727,conf #2,200,OK,Conf2 2-1,text,true,,366,0,11,33,727,0,0
1509645453771,735,conf #2,200,OK,Conf2 2-11,text,true,,366,0,11,33,735,0,0
1509645453900,742,conf #2,200,OK,Conf2 2-8,text,true,,366,0,11,33,742,0,0
1509645454035,741,conf #2,200,OK,Conf2 2-5,text,true,,366,0,11,33,741,0,0
1509645454160,732,conf #2,200,OK,Conf2 2-2,text,true,,366,0,11,33,732,0,0
1509645454355,733,conf #2,200,OK,Conf2 2-9,text,true,,366,0,11,33,733,0,0
1509645454488,741,conf #2,200,OK,Conf2 2-6,text,true,,366,0,11,33,741,0,0
1509645454626,746,conf #2,200,OK,Conf2 2-3,text,true,,366,0,11,33,746,0,0
1509645454814,750,conf #2,200,OK,Conf2 2-10,text,true,,366,0,11,33,750,0,0
1509645454945,730,conf #2,200,OK,Conf2 2-7,text,true,,366,0,11,33,730,0,0
1509645455079,734,conf #2,200,OK,Conf2 2-4,text,true,,366,0,11,33,733,0,0
1509645455186,773,conf #2,200,OK,Conf2 2-1,text,true,,366,0,11,33,773,0,0
1509645455272,756,conf #2,200,OK,Conf2 2-11,text,true,,366,0,11,33,756,0,0
1509645455399,744,conf #2,200,OK,Conf2 2-8,text,true,,366,0,11,33,744,0,0
1509645455536,744,conf #2,200,OK,Conf2 2-5,text,true,,366,0,11,33,744,0,0
1509645455660,744,conf #2,200,OK,Conf2 2-2,text,true,,366,0,11,33,744,0,0
1509645455855,743,conf #2,200,OK,Conf2 2-9,text,true,,366,0,11,33,743,0,0
1509645455988,742,conf #2,200,OK,Conf2 2-6,text,true,,366,0,11,33,742,0,0
1509645456127,748,conf #2,200,OK,Conf2 2-3,text,true,,366,0,11,33,748,0,0
1509645456315,727,conf #2,200,OK,Conf2 2-10,text,true,,366,0,11,33,727,0,0
1509645456445,745,conf #2,200,OK,Conf2 2-7,text,true,,366,0,11,33,745,0,0
1509645456578,742,conf #2,200,OK,Conf2 2-4,text,true,,366,0,11,33,742,0,0
1509645456686,959,conf #2,200,OK,Conf2 2-1,text,false,"The operation lasted too long: It took 959 milliseconds, but should not have lasted longer than 830 milliseconds.",366,0,11,33,959,0,0
1509645456771,875,conf #2,200,OK,Conf2 2-11,text,false,"The operation lasted too long: It took 875 milliseconds, but should not have lasted longer than 830 milliseconds.",366,0,11,33,875,0,0
1509645456899,752,conf #2,200,OK,Conf2 2-8,text,true,,366,0,11,33,752,0,0
1509645457035,733,conf #2,200,OK,Conf2 2-5,text,true,,366,0,11,33,733,0,0
1509645457160,747,conf #2,200,OK,Conf2 2-2,text,true,,366,0,11,33,747,0,0
1509645457355,737,conf #2,200,OK,Conf2 2-9,text,true,,366,0,11,33,737,0,0
1509645457488,747,conf #2,200,OK,Conf2 2-6,text,true,,366,0,11,33,747,0,0
1509645457626,829,conf #2,200,OK,Conf2 2-3,text,true,,366,0,11,33,829,0,0
1509645457814,742,conf #2,200,OK,Conf2 2-10,text,true,,366,0,11,33,742,0,0
1509645457945,733,conf #2,200,OK,Conf2 2-7,text,true,,366,0,11,33,733,0,0
1509645458078,729,conf #2,200,OK,Conf2 2-4,text,true,,366,0,11,33,729,0,0
1509645458185,746,conf #2,200,OK,Conf2 2-1,text,true,,366,0,11,33,746,0,0
1509645458270,743,conf #2,200,OK,Conf2 2-11,text,true,,366,0,11,33,743,0,0
1509645458398,754,conf #2,200,OK,Conf2 2-8,text,true,,366,0,11,33,754,0,0
1509645458535,754,conf #2,200,OK,Conf2 2-5,text,true,,366,0,11,33,754,0,0
1509645458660,745,conf #2,200,OK,Conf2 2-2,text,true,,366,0,11,33,745,0,0
1509645458855,733,conf #2,200,OK,Conf2 2-9,text,true,,366,0,11,33,733,0,0
1509645458988,734,conf #2,200,OK,Conf2 2-6,text,true,,366,0,11,33,734,0,0
1509645459126,740,conf #2,200,OK,Conf2 2-3,text,true,,366,0,11,33,740,0,0
1509645459314,734,conf #2,200,OK,Conf2 2-10,text,true,,366,0,11,33,734,0,0
1509645459445,760,conf #2,200,OK,Conf2 2-7,text,true,,366,0,11,33,760,0,0
1509645459578,729,conf #2,200,OK,Conf2 2-4,text,true,,366,0,11,33,729,0,0
1509645459685,729,conf #2,200,OK,Conf2 2-1,text,true,,366,0,11,33,729,0,0
1509645459771,739,conf #2,200,OK,Conf2 2-11,text,true,,366,0,11,33,739,0,0
1509645459900,742,conf #2,200,OK,Conf2 2-8,text,true,,366,0,11,33,742,0,0
1509645460035,753,conf #2,200,OK,Conf2 2-5,text,true,,366,0,11,33,753,0,0
1509645460161,740,conf #2,200,OK,Conf2 2-2,text,true,,366,0,11,33,740,0,0
1509645460356,743,conf #2,200,OK,Conf2 2-9,text,true,,366,0,11,33,743,0,0
1509645460489,744,conf #2,200,OK,Conf2 2-6,text,true,,366,0,11,33,744,0,0
1509645460627,742,conf #2,200,OK,Conf2 2-3,text,true,,366,0,11,33,742,0,0
1509645460814,724,conf #2,200,OK,Conf2 2-10,text,true,,366,0,11,33,724,0,0
1509645460946,763,conf #2,200,OK,Conf2 2-7,text,true,,366,0,11,33,763,0,0
1509645461078,723,conf #2,200,OK,Conf2 2-4,text,true,,366,0,11,33,723,0,0
1509645461184,725,conf #2,200,OK,Conf2 2-1,text,true,,366,0,11,33,725,0,0
1509645461271,735,conf #2,200,OK,Conf2 2-11,text,true,,366,0,11,33,735,0,0
1509645461398,775,conf #2,200,OK,Conf2 2-8,text,true,,366,0,11,33,775,0,0
1509645461534,736,conf #2,200,OK,Conf2 2-5,text,true,,366,0,11,33,736,0,0
1509645461659,755,conf #2,200,OK,Conf2 2-2,text,true,,366,0,11,33,755,0,0
1509645461854,750,conf #2,200,OK,Conf2 2-9,text,true,,366,0,11,33,750,0,0
1509645461987,735,conf #2,200,OK,Conf2 2-6,text,true,,366,0,11,33,735,0,0
1509645462125,733,conf #2,200,OK,Conf2 2-3,text,true,,366,0,11,33,733,0,0
1509645462314,747,conf #2,200,OK,Conf2 2-10,text,true,,366,0,11,33,747,0,0
1509645462445,735,conf #2,200,OK,Conf2 2-7,text,true,,366,0,11,33,735,0,0
1509645462577,739,conf #2,200,OK,Conf2 2-4,text,true,,366,0,11,33,739,0,0
1509645462684,737,conf #2,200,OK,Conf2 2-1,text,true,,366,0,11,33,737,0,0
1509645462770,736,conf #2,200,OK,Conf2 2-11,text,true,,366,0,11,33,736,0,0
1509645462898,736,conf #2,200,OK,Conf2 2-8,text,true,,366,0,11,33,736,0,0
1509645463035,742,conf #2,200,OK,Conf2 2-5,text,true,,366,0,11,33,742,0,0
1509645463159,750,conf #2,200,OK,Conf2 2-2,text,true,,366,0,11,33,750,0,0
1509645463354,734,conf #2,200,OK,Conf2 2-9,text,true,,366,0,11,33,734,0,0
1509645463486,731,conf #2,200,OK,Conf2 2-6,text,true,,366,0,11,33,731,0,0
1509645463624,744,conf #2,200,OK,Conf2 2-3,text,true,,366,0,11,33,744,0,0
1509645463813,750,conf #2,200,OK,Conf2 2-10,text,true,,366,0,11,33,750,0,0
1509645463945,729,conf #2,200,OK,Conf2 2-7,text,true,,366,0,11,33,729,0,0
1509645464077,744,conf #2,200,OK,Conf2 2-4,text,true,,366,0,11,33,744,0,0
1509645464184,732,conf #2,200,OK,Conf2 2-1,text,true,,366,0,11,33,732,0,0
1509645464270,744,conf #2,200,OK,Conf2 2-11,text,true,,366,0,11,33,744,0,0
1509645464398,757,conf #2,200,OK,Conf2 2-8,text,true,,366,0,11,33,757,0,0
1509645464535,754,conf #2,200,OK,Conf2 2-5,text,true,,366,0,11,33,754,0,0
1509645464660,735,conf #2,200,OK,Conf2 2-2,text,true,,366,0,11,33,735,0,0
1509645464854,740,conf #2,200,OK,Conf2 2-9,text,true,,366,0,11,33,740,0,0
1509645464987,765,conf #2,200,OK,Conf2 2-6,text,true,,366,0,11,33,765,0,0
1509645465126,745,conf #2,200,OK,Conf2 2-3,text,true,,366,0,11,33,745,0,0
1509645465313,736,conf #2,200,OK,Conf2 2-10,text,true,,366,0,11,33,736,0,0
1509645465444,734,conf #2,200,OK,Conf2 2-7,text,true,,366,0,11,33,734,0,0
1509645465577,738,conf #2,200,OK,Conf2 2-4,text,true,,366,0,11,33,738,0,0
1509645465684,738,conf #2,200,OK,Conf2 2-1,text,true,,366,0,11,33,738,0,0
1509645465770,746,conf #2,200,OK,Conf2 2-11,text,true,,366,0,11,33,746,0,0
1509645465898,748,conf #2,200,OK,Conf2 2-8,text,true,,366,0,11,33,747,0,0
1509645466034,739,conf #2,200,OK,Conf2 2-5,text,true,,366,0,11,33,738,0,0
1509645466160,763,conf #2,200,OK,Conf2 2-2,text,true,,366,0,11,33,763,0,0
1509645466355,759,conf #2,200,OK,Conf2 2-9,text,true,,366,0,11,33,759,0,0
1509645466489,743,conf #2,200,OK,Conf2 2-6,text,true,,366,0,11,33,743,0,0
1509645466626,739,conf #2,200,OK,Conf2 2-3,text,true,,366,0,11,33,739,0,0
1509645466815,735,conf #2,200,OK,Conf2 2-10,text,true,,366,0,11,33,735,0,0
1509645466945,735,conf #2,200,OK,Conf2 2-7,text,true,,366,0,11,33,735,0,0
1509645467078,727,conf #2,200,OK,Conf2 2-4,text,true,,366,0,11,33,727,0,0
1509645467185,736,conf #2,200,OK,Conf2 2-1,text,true,,366,0,11,33,736,0,0
1509645467271,736,conf #2,200,OK,Conf2 2-11,text,true,,366,0,11,33,736,0,0
1509645467399,735,conf #2,200,OK,Conf2 2-8,text,true,,366,0,11,33,735,0,0
1509645467535,757,conf #2,200,OK,Conf2 2-5,text,true,,366,0,11,33,757,0,0
1509645467660,949,conf #2,200,OK,Conf2 2-2,text,false,"The operation lasted too long: It took 949 milliseconds, but should not have lasted longer than 830 milliseconds.",366,0,11,33,949,0,0
1509645467855,755,conf #2,200,OK,Conf2 2-9,text,true,,366,0,11,33,755,0,0
1509645467989,743,conf #2,200,OK,Conf2 2-6,text,true,,366,0,11,33,743,0,0
1509645468127,743,conf #2,200,OK,Conf2 2-3,text,true,,366,0,11,33,743,0,0
1509645468315,746,conf #2,200,OK,Conf2 2-10,text,true,,366,0,11,33,746,0,0
1509645468445,738,conf #2,200,OK,Conf2 2-7,text,true,,366,0,11,33,738,0,0
1509645468578,819,conf #2,200,OK,Conf2 2-4,text,true,,366,0,11,33,819,0,0
1509645468685,732,conf #2,200,OK,Conf2 2-1,text,true,,366,0,11,33,732,0,0
1509645468771,736,conf #2,200,OK,Conf2 2-11,text,true,,366,0,11,33,736,0,0
1509645468899,735,conf #2,200,OK,Conf2 2-8,text,true,,366,0,11,33,735,0,0
1509645469035,741,conf #2,200,OK,Conf2 2-5,text,true,,366,0,11,33,741,0,0
1509645469160,741,conf #2,200,OK,Conf2 2-2,text,true,,366,0,11,33,741,0,0
1509645469355,739,conf #2,200,OK,Conf2 2-9,text,true,,366,0,11,33,739,0,0
1509645469488,737,conf #2,200,OK,Conf2 2-6,text,true,,366,0,11,33,737,0,0
1509645469626,740,conf #2,200,OK,Conf2 2-3,text,true,,366,0,11,33,740,0,0
1509645469815,743,conf #2,200,OK,Conf2 2-10,text,true,,366,0,11,33,743,0,0
1509645469945,732,conf #2,200,OK,Conf2 2-7,text,true,,366,0,11,33,732,0,0
1509645470078,727,conf #2,200,OK,Conf2 2-4,text,true,,366,0,11,33,727,0,0
1509645470185,719,conf #2,200,OK,Conf2 2-1,text,true,,366,0,11,33,719,0,0
1509645470271,735,conf #2,200,OK,Conf2 2-11,text,true,,366,0,11,33,735,0,0
1509645470399,732,conf #2,200,OK,Conf2 2-8,text,true,,366,0,11,33,732,0,0
1509645470535,742,conf #2,200,OK,Conf2 2-5,text,true,,366,0,11,33,742,0,0
1509645470660,751,conf #2,200,OK,Conf2 2-2,text,true,,366,0,11,33,751,0,0
1509645470856,742,conf #2,200,OK,Conf2 2-9,text,true,,366,0,11,33,742,0,0
1509645470988,735,conf #2,200,OK,Conf2 2-6,text,true,,366,0,11,33,735,0,0
1509645471125,731,conf #2,200,OK,Conf2 2-3,text,true,,366,0,11,33,731,0,0
1509645471313,738,conf #2,200,OK,Conf2 2-10,text,true,,366,0,11,33,738,0,0
1509645471444,876,conf #2,200,OK,Conf2 2-7,text,false,"The operation lasted too long: It took 876 milliseconds, but should not have lasted longer than 830 milliseconds.",366,0,11,33,876,0,0
1509645471578,744,conf #2,200,OK,Conf2 2-4,text,true,,366,0,11,33,744,0,0
1509645471684,720,conf #2,200,OK,Conf2 2-1,text,true,,366,0,11,33,720,0,0
1509645471771,740,conf #2,200,OK,Conf2 2-11,text,true,,366,0,11,33,740,0,0
1509645471898,734,conf #2,200,OK,Conf2 2-8,text,true,,366,0,11,33,734,0,0
1509645472035,737,conf #2,200,OK,Conf2 2-5,text,true,,366,0,11,33,737,0,0
1509645472160,905,conf #2,200,OK,Conf2 2-2,text,false,"The operation lasted too long: It took 905 milliseconds, but should not have lasted longer than 830 milliseconds.",366,0,11,33,905,0,0
1509645472354,748,conf #2,200,OK,Conf2 2-9,text,true,,366,0,11,33,748,0,0
1509645472487,747,conf #2,200,OK,Conf2 2-6,text,true,,366,0,11,33,747,0,0
1509645472625,760,conf #2,200,OK,Conf2 2-3,text,true,,366,0,11,33,760,0,0
1509645472813,735,conf #2,200,OK,Conf2 2-10,text,true,,366,0,11,33,735,0,0
1509645472944,740,conf #2,200,OK,Conf2 2-7,text,true,,366,0,11,33,740,0,0
1509645473077,734,conf #2,200,OK,Conf2 2-4,text,true,,366,0,11,33,734,0,0
1509645473184,725,conf #2,200,OK,Conf2 2-1,text,true,,366,0,11,33,725,0,0
1509645473270,734,conf #2,200,OK,Conf2 2-11,text,true,,366,0,11,33,734,0,0
1509645473399,736,conf #2,200,OK,Conf2 2-8,text,true,,366,0,11,33,736,0,0
1509645473535,730,conf #2,200,OK,Conf2 2-5,text,true,,366,0,11,33,730,0,0
1509645473660,729,conf #2,200,OK,Conf2 2-2,text,true,,366,0,11,33,729,0,0
1509645473854,740,conf #2,200,OK,Conf2 2-9,text,true,,366,0,11,33,740,0,0
1509645473987,742,conf #2,200,OK,Conf2 2-6,text,true,,366,0,11,33,742,0,0
1509645474125,745,conf #2,200,OK,Conf2 2-3,text,true,,366,0,11,33,745,0,0
1509645474313,729,conf #2,200,OK,Conf2 2-10,text,true,,366,0,11,33,729,0,0
1509645474444,736,conf #2,200,OK,Conf2 2-7,text,true,,366,0,11,33,736,0,0
1509645474577,737,conf #2,200,OK,Conf2 2-4,text,true,,366,0,11,33,737,0,0
1509645474684,734,conf #2,200,OK,Conf2 2-1,text,true,,366,0,11,33,734,0,0
1509645474770,745,conf #2,200,OK,Conf2 2-11,text,true,,366,0,11,33,745,0,0
1509645474898,745,conf #2,200,OK,Conf2 2-8,text,true,,366,0,11,33,745,0,0
1509645475034,738,conf #2,200,OK,Conf2 2-5,text,true,,366,0,11,33,738,0,0
1509645475159,740,conf #2,200,OK,Conf2 2-2,text,true,,366,0,11,33,740,0,0
1509645475354,752,conf #2,200,OK,Conf2 2-9,text,true,,366,0,11,33,752,0,0
1509645475488,735,conf #2,200,OK,Conf2 2-6,text,true,,366,0,11,33,735,0,0
1509645475626,751,conf #2,200,OK,Conf2 2-3,text,true,,366,0,11,33,751,0,0
1509645475813,743,conf #2,200,OK,Conf2 2-10,text,true,,366,0,11,33,743,0,0
1509645475944,750,conf #2,200,OK,Conf2 2-7,text,true,,366,0,11,33,750,0,0
1509645476077,732,conf #2,200,OK,Conf2 2-4,text,true,,366,0,11,33,732,0,0
1509645476184,740,conf #2,200,OK,Conf2 2-1,text,true,,366,0,11,33,740,0,0
1509645476271,774,conf #2,200,OK,Conf2 2-11,text,true,,366,0,11,33,774,0,0
1509645476399,740,conf #2,200,OK,Conf2 2-8,text,true,,366,0,11,33,740,0,0
1509645476533,739,conf #2,200,OK,Conf2 2-5,text,true,,366,0,11,33,739,0,0
1509645476659,737,conf #2,200,OK,Conf2 2-2,text,true,,366,0,11,33,737,0,0
1509645476854,751,conf #2,200,OK,Conf2 2-9,text,true,,366,0,11,33,751,0,0
1509645476987,741,conf #2,200,OK,Conf2 2-6,text,true,,366,0,11,33,741,0,0
1509645477125,738,conf #2,200,OK,Conf2 2-3,text,true,,366,0,11,33,738,0,0
1509645477313,738,conf #2,200,OK,Conf2 2-10,text,true,,366,0,11,33,738,0,0
1509645477444,731,conf #2,200,OK,Conf2 2-7,text,true,,366,0,11,33,731,0,0
1509645477577,722,conf #2,200,OK,Conf2 2-4,text,true,,366,0,11,33,722,0,0
1509645477684,725,conf #2,200,OK,Conf2 2-1,text,true,,366,0,11,33,725,0,0
1509645477770,737,conf #2,200,OK,Conf2 2-11,text,true,,366,0,11,33,737,0,0
1509645477898,744,conf #2,200,OK,Conf2 2-8,text,true,,366,0,11,33,744,0,0
1509645478034,754,conf #2,200,OK,Conf2 2-5,text,true,,366,0,11,33,754,0,0
1509645478160,744,conf #2,200,OK,Conf2 2-2,text,true,,366,0,11,33,744,0,0
1509645478354,734,conf #2,200,OK,Conf2 2-9,text,true,,366,0,11,33,734,0,0
1509645478487,744,conf #2,200,OK,Conf2 2-6,text,true,,366,0,11,33,744,0,0
1509645478626,741,conf #2,200,OK,Conf2 2-3,text,true,,366,0,11,33,741,0,0
1509645478814,733,conf #2,200,OK,Conf2 2-10,text,true,,366,0,11,33,733,0,0
1509645478944,734,conf #2,200,OK,Conf2 2-7,text,true,,366,0,11,33,734,0,0
1509645479077,735,conf #2,200,OK,Conf2 2-4,text,true,,366,0,11,33,735,0,0
1509645479184,736,conf #2,200,OK,Conf2 2-1,text,true,,366,0,11,33,736,0,0
1509645479271,744,conf #2,200,OK,Conf2 2-11,text,true,,366,0,11,33,744,0,0
1509645479398,756,conf #2,200,OK,Conf2 2-8,text,true,,366,0,11,33,756,0,0
1509645479535,745,conf #2,200,OK,Conf2 2-5,text,true,,366,0,11,33,745,0,0
1509645479659,732,conf #2,200,OK,Conf2 2-2,text,true,,366,0,11,33,732,0,0
1509645479854,755,conf #2,200,OK,Conf2 2-9,text,true,,366,0,11,33,755,0,0
1509645479987,762,conf #2,200,OK,Conf2 2-6,text,true,,366,0,11,33,762,0,0
1509645480125,746,conf #2,200,OK,Conf2 2-3,text,true,,366,0,11,33,746,0,0
1509645480314,726,conf #2,200,OK,Conf2 2-10,text,true,,366,0,11,33,726,0,0
1509645480444,720,conf #2,200,OK,Conf2 2-7,text,true,,366,0,11,33,720,0,0
1509645480577,726,conf #2,200,OK,Conf2 2-4,text,true,,366,0,11,33,726,0,0
1509645480684,731,conf #2,200,OK,Conf2 2-1,text,true,,366,0,11,33,731,0,0
1509645480770,743,conf #2,200,OK,Conf2 2-11,text,true,,366,0,11,33,743,0,0
1509645480898,743,conf #2,200,OK,Conf2 2-8,text,true,,366,0,11,33,743,0,0
1509645481034,745,conf #2,200,OK,Conf2 2-5,text,true,,366,0,11,33,745,0,0
1509645481159,731,conf #2,200,OK,Conf2 2-2,text,true,,366,0,11,33,731,0,0
1509645481354,744,conf #2,200,OK,Conf2 2-9,text,true,,366,0,11,33,744,0,0
1509645481487,739,conf #2,200,OK,Conf2 2-6,text,true,,366,0,11,33,739,0,0
1509645481625,741,conf #2,200,OK,Conf2 2-3,text,true,,366,0,11,33,741,0,0
1509645481813,738,conf #2,200,OK,Conf2 2-10,text,true,,366,0,11,33,738,0,0
1509645481944,727,conf #2,200,OK,Conf2 2-7,text,true,,366,0,11,33,727,0,0
1509645482077,751,conf #2,200,OK,Conf2 2-4,text,true,,366,0,11,33,751,0,0
1509645482185,725,conf #2,200,OK,Conf2 2-1,text,true,,366,0,11,33,725,0,0
1509645482270,737,conf #2,200,OK,Conf2 2-11,text,true,,366,0,11,33,737,0,0
1509645482399,735,conf #2,200,OK,Conf2 2-8,text,true,,366,0,11,33,735,0,0
1509645482534,745,conf #2,200,OK,Conf2 2-5,text,true,,366,0,11,33,745,0,0
1509645482659,744,conf #2,200,OK,Conf2 2-2,text,true,,366,0,11,33,744,0,0
1509645482854,745,conf #2,200,OK,Conf2 2-9,text,true,,366,0,11,33,745,0,0
1509645482987,745,conf #2,200,OK,Conf2 2-6,text,true,,366,0,11,33,745,0,0
1509645483126,749,conf #2,200,OK,Conf2 2-3,text,true,,366,0,11,33,749,0,0
1509645483314,736,conf #2,200,OK,Conf2 2-10,text,true,,366,0,11,33,736,0,0
1509645483444,724,conf #2,200,OK,Conf2 2-7,text,true,,366,0,11,33,724,0,0
1509645483577,719,conf #2,200,OK,Conf2 2-4,text,true,,366,0,11,33,719,0,0
1509645483684,739,conf #2,200,OK,Conf2 2-1,text,true,,366,0,11,33,739,0,0
1509645483770,736,conf #2,200,OK,Conf2 2-11,text,true,,366,0,11,33,736,0,0
1509645483898,737,conf #2,200,OK,Conf2 2-8,text,true,,366,0,11,33,737,0,0
1509645484035,750,conf #2,200,OK,Conf2 2-5,text,true,,366,0,11,33,750,0,0
1509645484160,746,conf #2,200,OK,Conf2 2-2,text,true,,366,0,11,33,746,0,0
1509645484354,749,conf #2,200,OK,Conf2 2-9,text,true,,366,0,11,33,749,0,0
1509645484487,743,conf #2,200,OK,Conf2 2-6,text,true,,366,0,11,33,743,0,0
1509645484625,746,conf #2,200,OK,Conf2 2-3,text,true,,366,0,11,33,746,0,0
1509645484813,738,conf #2,200,OK,Conf2 2-10,text,true,,366,0,11,33,738,0,0
1509645484944,747,conf #2,200,OK,Conf2 2-7,text,true,,366,0,11,33,747,0,0
1509645485077,735,conf #2,200,OK,Conf2 2-4,text,true,,366,0,11,33,735,0,0
1509645485184,745,conf #2,200,OK,Conf2 2-1,text,true,,366,0,11,33,745,0,0
1509645485271,732,conf #2,200,OK,Conf2 2-11,text,true,,366,0,11,33,732,0,0
1509645485399,738,conf #2,200,OK,Conf2 2-8,text,true,,366,0,11,33,738,0,0
1509645485535,736,conf #2,200,OK,Conf2 2-5,text,true,,366,0,11,33,736,0,0
1509645485659,735,conf #2,200,OK,Conf2 2-2,text,true,,366,0,11,33,735,0,0
1509645485854,742,conf #2,200,OK,Conf2 2-9,text,true,,366,0,11,33,742,0,0
1509645485988,836,conf #2,200,OK,Conf2 2-6,text,false,"The operation lasted too long: It took 836 milliseconds, but should not have lasted longer than 830 milliseconds.",366,0,11,33,836,0,0
1509645486125,755,conf #2,200,OK,Conf2 2-3,text,true,,366,0,11,33,755,0,0
1509645486313,735,conf #2,200,OK,Conf2 2-10,text,true,,366,0,11,33,735,0,0
1509645486444,737,conf #2,200,OK,Conf2 2-7,text,true,,366,0,11,33,737,0,0
1509645486577,735,conf #2,200,OK,Conf2 2-4,text,true,,366,0,11,33,735,0,0
1509645486684,727,conf #2,200,OK,Conf2 2-1,text,true,,366,0,11,33,727,0,0
1509645486771,847,conf #2,200,OK,Conf2 2-11,text,false,"The operation lasted too long: It took 847 milliseconds, but should not have lasted longer than 830 milliseconds.",366,0,11,33,847,0,0
1509645486898,738,conf #2,200,OK,Conf2 2-8,text,true,,366,0,11,33,738,0,0
1509645487034,753,conf #2,200,OK,Conf2 2-5,text,true,,366,0,11,33,753,0,0
1509645487159,741,conf #2,200,OK,Conf2 2-2,text,true,,366,0,11,33,741,0,0
1509645487354,752,conf #2,200,OK,Conf2 2-9,text,true,,366,0,11,33,752,0,0
1509645487487,735,conf #2,200,OK,Conf2 2-6,text,true,,366,0,11,33,735,0,0
1509645487625,735,conf #2,200,OK,Conf2 2-3,text,true,,366,0,11,33,735,0,0
1509645487813,730,conf #2,200,OK,Conf2 2-10,text,true,,366,0,11,33,730,0,0
1509645487944,733,conf #2,200,OK,Conf2 2-7,text,true,,366,0,11,33,733,0,0
1509645488077,737,conf #2,200,OK,Conf2 2-4,text,true,,366,0,11,33,737,0,0
1509645488184,759,conf #2,200,OK,Conf2 2-1,text,true,,366,0,11,33,759,0,0
1509645488270,743,conf #2,200,OK,Conf2 2-11,text,true,,366,0,11,33,743,0,0
1509645488398,736,conf #2,200,OK,Conf2 2-8,text,true,,366,0,11,33,736,0,0
1509645488534,736,conf #2,200,OK,Conf2 2-5,text,true,,366,0,11,33,736,0,0
1509645488659,731,conf #2,200,OK,Conf2 2-2,text,true,,366,0,11,33,731,0,0
1509645488854,737,conf #2,200,OK,Conf2 2-9,text,true,,366,0,11,33,737,0,0
1509645488987,776,conf #2,200,OK,Conf2 2-6,text,true,,366,0,11,33,776,0,0
1509645489125,742,conf #2,200,OK,Conf2 2-3,text,true,,366,0,11,33,742,0,0
1509645489314,732,conf #2,200,OK,Conf2 2-10,text,true,,366,0,11,33,732,0,0
1509645489445,945,conf #2,200,OK,Conf2 2-7,text,false,"The operation lasted too long: It took 945 milliseconds, but should not have lasted longer than 830 milliseconds.",366,0,11,33,945,0,0
1509645489577,814,conf #2,200,OK,Conf2 2-4,text,true,,366,0,11,33,814,0,0
1509645489684,742,conf #2,200,OK,Conf2 2-1,text,true,,366,0,11,33,742,0,0
1509645489770,769,conf #2,200,OK,Conf2 2-11,text,true,,366,0,11,33,768,0,0
1509645489898,732,conf #2,200,OK,Conf2 2-8,text,true,,366,0,11,33,732,0,0
1509645490034,755,conf #2,200,OK,Conf2 2-5,text,true,,366,0,11,33,755,0,0
1509645490159,743,conf #2,200,OK,Conf2 2-2,text,true,,366,0,11,33,743,0,0
1509645490354,825,conf #2,200,OK,Conf2 2-9,text,true,,366,0,11,33,825,0,0
1509645490487,743,conf #2,200,OK,Conf2 2-6,text,true,,366,0,11,33,742,0,0
1509645490626,743,conf #2,200,OK,Conf2 2-3,text,true,,366,0,11,33,743,0,0
1509645490813,755,conf #2,200,OK,Conf2 2-10,text,true,,366,0,11,33,755,0,0
1509645490944,729,conf #2,200,OK,Conf2 2-7,text,true,,366,0,11,33,729,0,0
1509645491077,722,conf #2,200,OK,Conf2 2-4,text,true,,366,0,11,33,722,0,0
1509645491185,741,conf #2,200,OK,Conf2 2-1,text,true,,366,0,11,33,741,0,0
1509645491271,747,conf #2,200,OK,Conf2 2-11,text,true,,366,0,11,33,747,0,0
1509645491399,752,conf #2,200,OK,Conf2 2-8,text,true,,366,0,11,33,752,0,0
1509645491536,741,conf #2,200,OK,Conf2 2-5,text,true,,366,0,11,33,741,0,0
1509645491660,742,conf #2,200,OK,Conf2 2-2,text,true,,366,0,11,33,742,0,0
1509645491855,742,conf #2,200,OK,Conf2 2-9,text,true,,366,0,11,33,742,0,0
1509645491988,745,conf #2,200,OK,Conf2 2-6,text,true,,366,0,11,33,745,0,0
1509645492126,883,conf #2,200,OK,Conf2 2-3,text,false,"The operation lasted too long: It took 883 milliseconds, but should not have lasted longer than 830 milliseconds.",366,0,11,33,883,0,0
1509645492314,728,conf #2,200,OK,Conf2 2-10,text,true,,366,0,11,33,728,0,0
1509645492444,744,conf #2,200,OK,Conf2 2-7,text,true,,366,0,11,33,744,0,0
1509645492578,736,conf #2,200,OK,Conf2 2-4,text,true,,366,0,11,33,736,0,0
1509645492685,737,conf #2,200,OK,Conf2 2-1,text,true,,366,0,11,33,737,0,0
1509645492771,746,conf #2,200,OK,Conf2 2-11,text,true,,366,0,11,33,746,0,0
1509645492899,836,conf #2,200,OK,Conf2 2-8,text,false,"The operation lasted too long: It took 836 milliseconds, but should not have lasted longer than 830 milliseconds.",366,0,11,33,836,0,0
1509645493034,747,conf #2,200,OK,Conf2 2-5,text,true,,366,0,11,33,747,0,0
1509645493160,751,conf #2,200,OK,Conf2 2-2,text,true,,366,0,11,33,751,0,0
1509645493356,752,conf #2,200,OK,Conf2 2-9,text,true,,366,0,11,33,752,0,0
1509645493489,735,conf #2,200,OK,Conf2 2-6,text,true,,366,0,11,33,735,0,0
1509645493626,735,conf #2,200,OK,Conf2 2-3,text,true,,366,0,11,33,735,0,0
1509645493814,740,conf #2,200,OK,Conf2 2-10,text,true,,366,0,11,33,740,0,0
1509645493945,732,conf #2,200,OK,Conf2 2-7,text,true,,366,0,11,33,731,0,0
1509645494078,733,conf #2,200,OK,Conf2 2-4,text,true,,366,0,11,33,733,0,0
1509645494185,760,conf #2,200,OK,Conf2 2-1,text,true,,366,0,11,33,760,0,0
1509645494271,740,conf #2,200,OK,Conf2 2-11,text,true,,366,0,11,33,740,0,0
1509645494399,767,conf #2,200,OK,Conf2 2-8,text,true,,366,0,11,33,767,0,0
1509645494535,736,conf #2,200,OK,Conf2 2-5,text,true,,366,0,11,33,736,0,0
1509645494660,746,conf #2,200,OK,Conf2 2-2,text,true,,366,0,11,33,746,0,0
1509645494856,776,conf #2,200,OK,Conf2 2-9,text,true,,366,0,11,33,776,0,0
1509645494989,744,conf #2,200,OK,Conf2 2-6,text,true,,366,0,11,33,744,0,0
1509645495127,737,conf #2,200,OK,Conf2 2-3,text,true,,366,0,11,33,737,0,0
1509645495315,746,conf #2,200,OK,Conf2 2-10,text,true,,366,0,11,33,746,0,0
1509645495445,732,conf #2,200,OK,Conf2 2-7,text,true,,366,0,11,33,732,0,0
1509645495578,729,conf #2,200,OK,Conf2 2-4,text,true,,366,0,11,33,729,0,0
1509645495685,742,conf #2,200,OK,Conf2 2-1,text,true,,366,0,11,33,742,0,0
1509645495771,746,conf #2,200,OK,Conf2 2-11,text,true,,366,0,11,33,746,0,0
1509645495899,745,conf #2,200,OK,Conf2 2-8,text,true,,366,0,11,33,745,0,0
1509645496036,741,conf #2,200,OK,Conf2 2-5,text,true,,366,0,11,33,741,0,0
1509645496160,736,conf #2,200,OK,Conf2 2-2,text,true,,366,0,11,33,736,0,0
1509645496356,739,conf #2,200,OK,Conf2 2-9,text,true,,366,0,11,33,739,0,0
1509645496488,768,conf #2,200,OK,Conf2 2-6,text,true,,366,0,11,33,768,0,0
1509645496626,742,conf #2,200,OK,Conf2 2-3,text,true,,366,0,11,33,741,0,0
1509645496814,747,conf #2,200,OK,Conf2 2-10,text,true,,366,0,11,33,747,0,0
1509645496945,776,conf #2,200,OK,Conf2 2-7,text,true,,366,0,11,33,776,0,0
1509645497078,734,conf #2,200,OK,Conf2 2-4,text,true,,366,0,11,33,734,0,0
1509645497185,736,conf #2,200,OK,Conf2 2-1,text,true,,366,0,11,33,736,0,0
1509645497271,739,conf #2,200,OK,Conf2 2-11,text,true,,366,0,11,33,739,0,0
1509645497399,740,conf #2,200,OK,Conf2 2-8,text,true,,366,0,11,33,740,0,0
1509645497535,818,conf #2,200,OK,Conf2 2-5,text,true,,366,0,11,33,818,0,0
1509645497660,741,conf #2,200,OK,Conf2 2-2,text,true,,366,0,11,33,741,0,0
1509645497856,731,conf #2,200,OK,Conf2 2-9,text,true,,366,0,11,33,731,0,0
1509645497988,749,conf #2,200,OK,Conf2 2-6,text,true,,366,0,11,33,749,0,0
1509645498126,738,conf #2,200,OK,Conf2 2-3,text,true,,366,0,11,33,738,0,0
1509645498314,734,conf #2,200,OK,Conf2 2-10,text,true,,366,0,11,33,734,0,0
1509645498444,735,conf #2,200,OK,Conf2 2-7,text,true,,366,0,11,33,735,0,0
1509645498578,749,conf #2,200,OK,Conf2 2-4,text,true,,366,0,11,33,749,0,0
1509645498685,734,conf #2,200,OK,Conf2 2-1,text,true,,366,0,11,33,734,0,0
1509645498771,739,conf #2,200,OK,Conf2 2-11,text,true,,366,0,11,33,739,0,0
1509645498899,750,conf #2,200,OK,Conf2 2-8,text,true,,366,0,11,33,750,0,0
1509645499035,758,conf #2,200,OK,Conf2 2-5,text,true,,366,0,11,33,758,0,0
1509645499160,744,conf #2,200,OK,Conf2 2-2,text,true,,366,0,11,33,744,0,0
1509645499355,738,conf #2,200,OK,Conf2 2-9,text,true,,366,0,11,33,738,0,0
1509645499489,726,conf #2,200,OK,Conf2 2-6,text,true,,366,0,11,33,726,0,0
1509645499626,733,conf #2,200,OK,Conf2 2-3,text,true,,366,0,11,33,733,0,0
1509645499814,741,conf #2,200,OK,Conf2 2-10,text,true,,366,0,11,33,741,0,0
1509645499945,734,conf #2,200,OK,Conf2 2-7,text,true,,366,0,11,33,734,0,0
1509645500078,724,conf #2,200,OK,Conf2 2-4,text,true,,366,0,11,33,724,0,0
1509645500185,731,conf #2,200,OK,Conf2 2-1,text,true,,366,0,11,33,731,0,0
1509645500271,743,conf #2,200,OK,Conf2 2-11,text,true,,366,0,11,33,743,0,0
1509645500400,753,conf #2,200,OK,Conf2 2-8,text,true,,366,0,11,33,753,0,0
1509645500535,755,conf #2,200,OK,Conf2 2-5,text,true,,366,0,11,33,755,0,0
1509645500660,845,conf #2,200,OK,Conf2 2-2,text,false,"The operation lasted too long: It took 845 milliseconds, but should not have lasted longer than 830 milliseconds.",366,0,11,33,844,0,0
1509645500855,748,conf #2,200,OK,Conf2 2-9,text,true,,366,0,11,33,747,0,0
1509645500988,749,conf #2,200,OK,Conf2 2-6,text,true,,366,0,11,33,749,0,0
1509645501125,745,conf #2,200,OK,Conf2 2-3,text,true,,366,0,11,33,745,0,0
1509645501313,807,conf #2,200,OK,Conf2 2-10,text,true,,366,0,11,33,807,0,0
1509645501444,722,conf #2,200,OK,Conf2 2-7,text,true,,366,0,11,33,722,0,0
1509645501578,730,conf #2,200,OK,Conf2 2-4,text,true,,366,0,11,33,730,0,0
1509645501684,739,conf #2,200,OK,Conf2 2-1,text,true,,366,0,11,33,739,0,0
1509645501769,741,conf #2,200,OK,Conf2 2-11,text,true,,366,0,11,33,741,0,0
1509645501898,736,conf #2,200,OK,Conf2 2-8,text,true,,366,0,11,33,736,0,0
1509645502034,767,conf #2,200,OK,Conf2 2-5,text,true,,366,0,11,33,767,0,0
1509645502158,740,conf #2,200,OK,Conf2 2-2,text,true,,366,0,11,33,740,0,0
1509645502354,781,conf #2,200,OK,Conf2 2-9,text,true,,366,0,11,33,781,0,0
1509645502487,751,conf #2,200,OK,Conf2 2-6,text,true,,366,0,11,33,751,0,0
1509645502626,761,conf #2,200,OK,Conf2 2-3,text,true,,366,0,11,33,761,0,0
1509645502813,901,conf #2,200,OK,Conf2 2-10,text,false,"The operation lasted too long: It took 901 milliseconds, but should not have lasted longer than 830 milliseconds.",366,0,11,33,901,0,0
1509645502944,773,conf #2,200,OK,Conf2 2-7,text,true,,366,0,11,33,773,0,0
1509645503078,744,conf #2,200,OK,Conf2 2-4,text,true,,366,0,11,33,744,0,0
1509645503185,738,conf #2,200,OK,Conf2 2-1,text,true,,366,0,11,33,738,0,0
1509645503272,766,conf #2,200,OK,Conf2 2-11,text,true,,366,0,11,33,766,0,0
1509645503398,773,conf #2,200,OK,Conf2 2-8,text,true,,366,0,11,33,773,0,0
1509645503533,984,conf #2,200,OK,Conf2 2-5,text,false,"The operation lasted too long: It took 984 milliseconds, but should not have lasted longer than 830 milliseconds.",366,0,11,33,984,0,0
1509645503659,858,conf #2,200,OK,Conf2 2-2,text,false,"The operation lasted too long: It took 858 milliseconds, but should not have lasted longer than 830 milliseconds.",366,0,11,33,858,0,0
1509645503853,743,conf #2,200,OK,Conf2 2-9,text,true,,366,0,11,33,743,0,0
1509645503987,746,conf #2,200,OK,Conf2 2-6,text,true,,366,0,11,33,746,0,0
1509645504125,796,conf #2,200,OK,Conf2 2-3,text,true,,366,0,11,33,796,0,0
1509645504313,728,conf #2,200,OK,Conf2 2-10,text,true,,366,0,11,33,728,0,0
1509645504445,759,conf #2,200,OK,Conf2 2-7,text,true,,366,0,11,33,759,0,0
1509645504578,735,conf #2,200,OK,Conf2 2-4,text,true,,366,0,11,33,735,0,0
1509645504684,740,conf #2,200,OK,Conf2 2-1,text,true,,366,0,11,33,740,0,0
1509645504771,741,conf #2,200,OK,Conf2 2-11,text,true,,366,0,11,33,741,0,0
1509645504898,738,conf #2,200,OK,Conf2 2-8,text,true,,366,0,11,33,738,0,0
1509645505034,740,conf #2,200,OK,Conf2 2-5,text,true,,366,0,11,33,740,0,0
1509645505160,752,conf #2,200,OK,Conf2 2-2,text,true,,366,0,11,33,752,0,0
1509645505354,745,conf #2,200,OK,Conf2 2-9,text,true,,366,0,11,33,745,0,0
1509645505487,761,conf #2,200,OK,Conf2 2-6,text,true,,366,0,11,33,761,0,0
1509645505626,737,conf #2,200,OK,Conf2 2-3,text,true,,366,0,11,33,737,0,0
1509645505813,732,conf #2,200,OK,Conf2 2-10,text,true,,366,0,11,33,732,0,0
1509645505945,727,conf #2,200,OK,Conf2 2-7,text,true,,366,0,11,33,727,0,0
1509645506077,749,conf #2,200,OK,Conf2 2-4,text,true,,366,0,11,33,749,0,0
1509645506184,766,conf #2,200,OK,Conf2 2-1,text,true,,366,0,11,33,766,0,0
1509645506270,735,conf #2,200,OK,Conf2 2-11,text,true,,366,0,11,33,735,0,0
1509645506398,743,conf #2,200,OK,Conf2 2-8,text,true,,366,0,11,33,743,0,0
1509645506535,747,conf #2,200,OK,Conf2 2-5,text,true,,366,0,11,33,747,0,0
1509645506660,758,conf #2,200,OK,Conf2 2-2,text,true,,366,0,11,33,758,0,0
1509645506854,745,conf #2,200,OK,Conf2 2-9,text,true,,366,0,11,33,745,0,0
1509645506986,745,conf #2,200,OK,Conf2 2-6,text,true,,366,0,11,33,745,0,0
1509645507125,738,conf #2,200,OK,Conf2 2-3,text,true,,366,0,11,33,738,0,0
1509645507313,732,conf #2,200,OK,Conf2 2-10,text,true,,366,0,11,33,732,0,0
1509645507444,768,conf #2,200,OK,Conf2 2-7,text,true,,366,0,11,33,768,0,0
1509645507578,734,conf #2,200,OK,Conf2 2-4,text,true,,366,0,11,33,734,0,0
1509645507685,742,conf #2,200,OK,Conf2 2-1,text,true,,366,0,11,33,742,0,0
1509645507770,747,conf #2,200,OK,Conf2 2-11,text,true,,366,0,11,33,747,0,0
1509645507898,735,conf #2,200,OK,Conf2 2-8,text,true,,366,0,11,33,735,0,0
1509645508033,730,conf #2,200,OK,Conf2 2-5,text,true,,366,0,11,33,730,0,0
1509645508159,735,conf #2,200,OK,Conf2 2-2,text,true,,366,0,11,33,735,0,0
1509645508354,735,conf #2,200,OK,Conf2 2-9,text,true,,366,0,11,33,735,0,0
1509645508487,746,conf #2,200,OK,Conf2 2-6,text,true,,366,0,11,33,746,0,0
1509645508625,736,conf #2,200,OK,Conf2 2-3,text,true,,366,0,11,33,736,0,0
1509645508814,731,conf #2,200,OK,Conf2 2-10,text,true,,366,0,11,33,731,0,0
1509645508944,755,conf #2,200,OK,Conf2 2-7,text,true,,366,0,11,33,755,0,0
1509645509078,736,conf #2,200,OK,Conf2 2-4,text,true,,366,0,11,33,736,0,0
1509645509659,200,conf #2,Non HTTP response code: java.net.SocketException,Non HTTP response message: Socket Closed,Conf2 2-2,text,false,,2627,0,11,22,0,0,0
1509645509856,9,conf #2,Non HTTP response code: java.net.SocketException,Non HTTP response message: Socket Closed,Conf2 2-9,text,false,,2627,0,10,21,0,0,0
1509645509271,599,conf #2,Non HTTP response code: java.net.SocketException,Non HTTP response message: Socket Closed,Conf2 2-11,text,false,,2627,0,9,20,0,0,0
1509645509185,695,conf #2,Non HTTP response code: java.net.SocketException,Non HTTP response message: Socket Closed,Conf2 2-1,text,false,,2627,0,7,18,0,0,0
1509645509399,487,conf #2,Non HTTP response code: java.net.SocketException,Non HTTP response message: Socket Closed,Conf2 2-8,text,false,,2627,0,5,16,0,0,0
1509645509534,364,conf #2,Non HTTP response code: java.net.SocketException,Non HTTP response message: Socket Closed,Conf2 2-5,text,false,,2627,0,1,12,0,0,0
